Correct Answer,shuffled_correct_option_label,model_answer_extracted
R-loops,A,B
10^-4 eV,C,C
11,B,C
4,A,could also be chiral if the substituents are arranged in a way that prevents superimposition on its mirror image. <answer>B</answer>
124°,C,D
+\infty,D,C
8,A,A
-0.7,C,- 8.66 = -3.66 \] This value is still not matching any of the choices provided. There seems to be
The ones related to the circulation of the electric field and the divergence of the magnetic field.  ,A,B
"A = 5-methylcyclohex-3-ene-1-carbonitrile, B = methyl (1R,2R,4R)-bicyclo[2.2.1]hept-5-ene-2-carboxylate",A,B
"CHIP-seq, chromosome conformation capture, and qRT-PCR",A,B
pH 2.69; 30.09 cm3,D,B
"(\cos(\theta/2), \sin (\theta/2))
",B,magnitude of $\hbar$ and can be aligned along the x-axis by setting $\theta = 0$ and $\phi = 0$. <answer>D</answer>
E = (2n_x+n_y+3/2)ℏ*sqrt(k/m),B,D
A double crossover event,B,A
1 and 4,D,A
2.6*1e5 GeV,A,C
"G2 is a transcription factor, G1 and G3 show gene redundancy, G1 is epistatic towards G3",D,A
0.72 g,A,"an error in the provided information or the calculations, as the correct choice cannot be determined with the current data.)"
"triphenyleno[1,2-c:5,6-c':9,10-c'']trifuran-1,3,6,8,11,13-hexaone",D,B
"It is a concerted reaction, and no rearrangements are possible.",C,B
"sigma*b*r / 2 (for r smaller than R)  ,  sigma*b*R^2 / (2r)  (for r greater than R)",A,"one, it would be (C), but it's important to note that this is not the exact answer we derived. <answer>C</answer>"
3 pc,D,"in the calculation or in the provided choices. However, we will choose the closest value to our calculated result. <answer>D</answer>"
"Water = 144°, Oil = 125°",A,C
~ 0.4,B,"correct answer with the given information, we will have to conclude that the question cannot be answered as posed. <answer>C</answer>"
an experiment where the homologous sister chromatids were pulled together to the pole of the cell during anaphase.,A,C
"5'GATGATAATT GGAGGCAAGT GAATCCTGAG CGTGATTTGA
TAATGACCTA ATAATGATGG GTTTTATTTC CAGACTTCAC
TTCTAATGGT GATTATGGGA GAACTGGAGC CTTCAGAGGG
TAAAATTAAG CACAGTGGAA GAATTTCATT CTGTTCTCAG
TTTTCCTGGA TTATGCCTGG CACCATTAAA GAAAATATCA

3'TGGTGTTTCC TATGATGAAT ATAGATACAG AAGCGTCATC
AAAGCATGCC AACTAGAAGA GGTAAGAAAC TATGTGAAAA
CTTTTTGATT ATGCATATGA ACCCTTCACA CTACCCAAAT
TATATATTTG GCTCCATATT CAATCGGTTA GTCTACATAT
ATTTATGTTT CCTCTATGGG TAAGCTACTG TGAATGGATC",D,A
One can use a catalyst of a group VIa transition metal in combination with specific activators.,A,A
"3,3-diphenylbutan-2-one",B,B
c,C,B
SARS-CoV-2 nsp10/nsp14-ExoN operates as heterodimers in a mismatch repair mechanism. The N-terminal ExoN domain of nsp14 could bind to nsp10 making an active exonuclease complex that prevents the breakdown of dsRNA. ,C,C
You carry out bisulphite sequencing at your locus of interest in your cancer cells and compare the patterns to healthy breast cells,D,D
"4.12 MeV, 29.8 MeV",A,C
~ 2.4,A,"range of 0 to 45 degrees should be 1:1, as both ranges cover the same proportion of the circle. <answer>B</answer>"
"(1S,2S,4R)-4-isopropyl-2-methoxy-1-methylcyclohexyl propionate",B,D
At active promoters and enhancers,D,D
"triplet, singlet",D,A
"1,2,3,4,5,6-hexahydropentalene",D,B
"Planet_1 is preferred due to its ~1.65 times higher probability to transit.
",D,C
3,B,B
3,B,"at the 3-methyl group, making it chiral. All the compounds listed are chiral and thus will exhibit optical activity. <answer>C</answer>"
4,C,B
Ultraviolet completion,B,B
It inhibits the cell surface death receptor pathway of apoptosis,B,B
M_{h_{2}}^{2}=\frac{1}{8\pi^{2}\left(x^{2}+v^{2}\right)}\left\{ \alpha_{1}M_{h_{1}}^{4}+\alpha_{2}M_{W}^{4}+\alpha_{3}M_{Z}^{4}-\alpha_{4}M_{t}^{4}+\alpha_{5}M_{H^{\pm}}^{4}+\alpha_{6}M_{H^{0}}^{4}+\alpha_{7}M_{A^{0}}^{4}-\alpha_{8}\sum M_{N_{i}}^{4}\right\} ,A,B
6.3x10^-7 M,C,/ x10^8 [Ca^2+] = 0.00000000000000000000000000000004214416 / x10^8 [Ca^2+] = 0.0000000000000000000000000000000004214408 / x10^8 [Ca^2+] = 0.000000000000000000000000000000000004214608 / x10^8 [Ca^2+] = 0.000000000000000000000000000000000000000000000000000000000000000000000000000000000000000000000000000000000000000000000000000000000000000000000000000000000000000000000000000000000000000000000000000000000000000000000000000000000000000000000000000000000000000000000000000000000000000000000000000000000000000000000000000000000000000000000000000000000000000000000000000000000000000000000000000000000000000000000000000000000000000000000000000000000000000000000000000000000000000000000000000000000000000000000000000000000000000000000000000000000000000000000000000000000000000000000000000000000000000000000000000000000000000000000000000000000000000000000000000000000000000000000000000000000000000000000000000000000000000000000000000000000000000000000000000000000000000000000000000000000000000000000000000000000000000000000000000000000000000000000000000000000000000000000000000000000000000000000000000000000000000000000000000000000000000000000000000000000000000000000000000000000000000000000000000000000000000000000000000000000000000000000000000000000000000000000000000000000000000000000000000000000000000000000000000000000000000000000000000000000000000000000000000000000000000000000000000000000000000000000000000000000000000000000000000000000000000000000000000000000000000000000000000000000000000000000000000000000000000000000000000000000000000000000000000000000000000000000000000000000000000000000000000000000000000000000000000000000000000000000000000000000000000000000000000000000000000000000000000000000000000000000000000000000000000000000000000000000000000000000000000000000000000000000000000000000000000000000000000000000000000000000000000000000000000000000000000000000000000000000000000000000000000000000000000000000000000000000000000000000000000000000000000000000000000000000000000000000000000000000000000000000000000000000000000000000000000000000000000000000000000000000000000000000000000000000000000000000000000000000000000000000000000000000000000000000000000000000000000000000000000000000000000000000000000000000000000000000000000000000000000000000000000000000000000000000000000000000000000000000000000000000000000000000000000000000000000000000000000000000000000000000000000000000000000000000000000000000000000000000000000000000000000000000000000000000000000000000000000000000000000000000000000000000000000000000000000000000000000000000000000000000000000000000000000000000000000000000000000000000000000000000000000000000000000000000000000000000000000000000000000000000000000000000000000000000000000000000000000000000000000000000000000000000000000000000000000000000000000000000000000000000000000000000000000000000000000000000000000000000000000000000000000000000000000000000000000000000000000000000000000000000000000000000000000000000000000000000000000000000000000000000000000000000000000000000000000000000000000000000000000000000000000000000000000000000000000000000000000000000000000000000000000000000000000000000000000000000000000000000000000000000000000000000000000000000000000000000000000000000000000000000000000000000000000000000000000000000000000000000000000000000000000000000000000000000000000000000000000000000000000000000000000000000000000000000000000000000000000000000000000000000000000000000000000000000000000000000000000000000000000000000000000000000000000000000000000000000000000000000000000000000000000000000000000000000000000000000000000000000000000000000000000000000000000000000000000000000000000000000000000000000000000000000000000000000000000000000000000000000000000000000000000000000000000000000000000000000000000000000000000000000000000000000000000000000000000000000000000000000000000000000000000000000000000000000000000000000000000000000000000000000000000000000000000000000000000000000000000000000000000000000000000000000000000000000000000000000000000000000000000000000000000000000000000000000000000000000000000000000000000000000000000000000000000000000000000000000000000000000000000000000000000000000000000000000000000000000000000000000000000000000000000000000000000000000000000000000000000000000000000000000000000000000000000000000000000000000000000000000000000000000000000000000000000000000000000000000000000000000000000000000000000000000000000000000000000000000000000000000000000000000000000000000000000000000000000000000000000000000000000000000000000000000000000000000000000000000000000000000000000000000000000000000000000000000000000000000000000000000000000000000000000000000000000000000000000000000000000000000000000000000000000000000000000000000000000000000000000000000000000000000000000000000000000000000000000000000000000000000000000000000000000000000000000000000000000000000000000000000000000000000000000000000000000000000000000000000000000000000000000000000000000000000000000000000000000000000000000000000000000000000000000000000000000000000000000000000000000000000000000000000000000000000000000000000000000000000000000000000000000000000000000000000000000000000000000000000000000000000000000000000000000000000000000000000000000000000000000000000000000000000000000000000000000000000000000000000000000000000000000000000000000000000000000000000000000000000000000000000000000000000000000000000000000000000000000000000000000000000000000000000000000000000000000000000000000000000000000000000000000000000000000000000000000000000000000000000000000000000000000000000000000000000000000000000000000000000000000000000000000000000000000000000000000000000000000000000000000000000000000000000000000000000000000000000000000000000000000000000000000000000000000000000000000000000000000000000000000000000000000000000000000000000000000000000000000000000000000000000000000000000000000000000000000000000000000000000000000000000000000000000000000000000000000000000000000000000000000000000000000000000000000000000000000000000000000000000000000000000000000000000000000000000000000000000000000000000000000000000000000000000000000000000000000000000000000000000000000000000000000000000000000000000000000000000000000000000000000000000000000000000000000000000000000000000000000000000000000000000000000000000000000000000000000000000000000000000000000000000000000000000000000000000000000000000000000000000000000000000000000000000000000000000000000000000000000000000000000000000000000000000000000000000000000000000000000000000000000000000000000000000000000000000000000000000000000000000000000000000000000000000000000000000000000000000000000000000000000000000000000000000000000000000000000000000000000000000000000000000000000000000000000000000000000000000000000000000000000000000000000000000000000000000000000000000000000000000000000000000000000000000000000000000000000000000000000000000000000000000000000000000000000000000000000000000000000000000000000000000000000000000000000000000000000000000000000000000000000000000000000000000000000000000000000000000000000000000000000000000000000000000000000000000000000000000000000000000000000000000000000000000000000000000000000000000000000000000000000000000000000000000000000000000000000000000000000000000000000000000000000000000000000000000000000000000000000000000000000000000000000000000000000000000000000000000000000000000000000000000000000000000000000000000000000000000000000000000000000000000000000000000000000000000000000000000000000000000000000000000000000000000000000000000000000000000000000000000000000000000000000000000000000000000000000000000000000000000000000000000000000000000000000000000000000000000000000000000000000000000000000000000000000000000000000000000000000000000000000000000000000000000000000000000000000000000000000000000000000000000000000000000000000000000000000000000000000000000000000000000000000000000000000000000000000000000000000000000000000000000000000000000000000000000000000000000000000000000000000000000000000000000000000000000000000000000000000000000000000000000000000000000000000000000000000000000000000000000000000000000000000000000000000000000000000000000000000000000000000000000000000000000000000000000000000000000000000000000000000000000000000000000000000000000000000000000000000000000000000000000000000000000000000000000000000000000000000000000000000000000000000000000000000000000000000000000000000000000000000000000000000000000000000000000000000000000000000000000000000000000000000000000000000000000000000000000000000000000000000000000000000000000000000000000000000000000000000000000000000000000000000000000000000000000000000000000000000000000000000000000000000000000000000000000000000000000000000000000000000000000000000000000000000000000000000000000000000000000000000000000000000000000000000000000000000000000000000000000000000000000000000000000000000000000000000000000000000000000000000000000000000000000000000000000000000000000000000000000000000000000000000000000000000000000000000000000000000000000000000000000000000000000000000000000000000000000000000000000000000000000000000000000000000000000000000000000000000000000000000000000000000000000000000000000000000000000000000000000000000000000000000000000000000000000000000000000000000000000000000000000000000000000000000000000000000000000000000000000000000000000000000000000000000000000000000000000000000000000000000000000000000000000000000000000000000000000000000000000000000000000000000000000000000000000000000000000000000000000000000000000000000000000000000000000000000000000000000000000000000000000000000000000000000000000000000000000000000000000000000000000000000000000000000000000000000000000000000000000000000000000000000000000000000000000000000000000000000000000000000000000000000000000000000000000000000000000000000000000000000000000000000000000000000000000000000000000000000000000000000000000000000000000000000000000000000000000000000000000000000000000000000000000000000000000000000000000000000000000000000000000000000000000000000000000000000000000000000000000000000000000000000000000000000000000000000000000000000000000000000000000000000000000000000000000000000000000000000000000000000000000000000000000000000000000000000000000000000000000000000000000000000000000000000000000000000000000000000000000000000000000000000000000000000000000000000000000000000000000000000000000000000000000000000000000000000000000000000000000000000000000000000000000000000000000000000000000000000000000000000000000000000000000000000000000000000000000000000000000000000000000000000000000000000000000000000000000000000000000000000000000000000000000000000000000000000000000000000000000000000000000000000000000000000000000000000000000000000000000000000000000000000000000000000000000000000000000000000000000000000000000000000000000000000000000000000000000000000000000000000000000000000000000000000000000000000000000000000000000000000000000000000000000000000000000000000000000000000000000000000000000000000000000000000000000000000000000000000000000000000000000000000000000000000000000000000000000000000000000000000000000000000000000000000000000000000000000000000000000000000000000000000000000000000000000000000000000000000000000000000000000000000000000000000000000000000000000000000000000000000000000000000000000000000000000000000000000000000000000000000000000000000000000000000000000000000000000000000000000000000000000000000000000000000000000000000000000000000000000000000000000000000000000000000000000000000000000000000000000000000000000000000000000000000000000000000000000000000000000000000000000000000000000000000000000000000000000000000000000000000000000000000000000000000000000000000000000000000000000000000000000000000000000000000000000000000000000000000000000000000000000000000000000000000000000000000000000000000000000000000000000000000000000000000000000000000000000000000000000000000000000000000000000000000000000000000000000000000000000000000000000000000000000000000000000000000000000000000000000000000000000000000000000000000000000000000000000000000000000000000000000000000000000000000000000000000000000000000000000000000000000000000000000000000000000000000000000000000000000000000000000000000000000000000000000000000000000000000000000000000000000000000000000000000000000000000000000000000000000000000000000000000000000000000000000000000000000000000000000000000000000000000000000000000000000000000000000000000000000000000000000000000000000000000000000000000000000000000000000000000000000000000000000000000000000000000000000000000000000000000000000000000000000000000000000000000000000000000000000000000000000000000000000000000000000000000000000000000000000000000000000000000000000000000000000000000000000000000000000000000000000000000000000000000000000000000000000000000000000000000000000000000000000000000000000000000000000000000000000000000000000000000000000000000000000000000000000000000000000000000000000000000000000000000000000000000000000000000000000000000000000000000000000000000000000000000000000000000000000000000000000000000000000000000000000000000000000000000000000000000000000000000000000000000000000000000000000000000000000000000000000000000000000000000000000000000000000000000000000000000000000000000000000000000000000000000000000000000000000000000000000000000000000000000000000000000000000000000000000000000000000000000000000000000000000000000000000000000000000000000000000000000000000000000000000000000000000000000000000000000000000000000000000000000000000000000000000000000000000000000000000000000000000000000000000000000000000000000000000000000000000000000000000000000000000000000000000000000000000000000000000000000000000000000000000000000000000000000000000000000000000000000000000000000000000000000000000000000000000000000000000000000000000000000000000000000000000000000000000000000000000000000000000000000000000000000000000000000000000000000000000000000000000000000000000000000000000000000000000000000000000000000000000000000000000000000000000000000000000000000000000000000000000000000000000000000000000000000000000000000000000000000000000000000000000000000000000000000000000000000000000000000000000000000000000000000000000000000000000000000000000000000000000000000000000000000000000000000000000000000000000000000000000000000000000000000000000000000000000000000000000000000000000000000000000000000000000000000000000000000000000000000000000000000000000000000000000000000000000000000000000000000000000000000000000000000000000000000000000000000000000000000000000000000000000000000000000000000000000000000000000000000000000000000000000000000000000000000000000000000000000000000000000000000000000000000000000000000000000000000000000000000000000000000000000000000000000000000000000000000000000000000000000000000000000000000000000000000000000000000000000000000000000000000000000000000000000000000000000000000000000000000000000000000000000000000000000000000000000000000000000000000000000000000000000000000000000000000000000000000000000000000000000000000000000000000000000000000000000000000000000000000000000000000000000000000000000000000000000000000000000000000000000000000000000000000000000000000000000000000000000000000000000000000000000000000000000000000000000000000000000000000000000000000000000000000000000000000000000000000000000000000000000000000000000000000000000000000000000000000000000000000000000000000000000000000000000000000000000000000000000000000000000000000000000000000000000000000000000000000000000000000000000000000000000000000000000000000000000000000000000000000000000000000000000000000000000000000000000000000000000000000000000000000000000000000000000000000000000000000000000000000000000000000000000000000000000000000000000000000000000000000000000000000000000000000000000000000000000000000000000000000000000000000000000000000000000000000000000000000000000000000000000000000000000000000000000000000000000000000000000000000000000000000000000000000000000000000000000000000000000000000000000000000000000000000000000000000000000000000000000000000000000000000000000000000000000000000000000000000000000000000000000000000000000000000000000000000000000000000000000000000000000000000000000000000000000000000000000000000000000000000000000000000000000000000000000000000000000000000000000000000000000000000000000000000000000000000000000000000000000000000000000000000000000000000000000000000000000000000000000000000000000000000000000000000000000000000000000000000000000000000000000000000000000000000000000000000000000000000000000000000000000000000000000000000000000000000000000000000000000000000000000000000000000000000000000000000000000000000000000000000000000000000000000000000000000000000000000000000000000000000000000000000000000000000000000000000000000000000000000000000000000000000000000000000000000000000000000000000000000000000000000000000000000000000000000000000000000000000000000000000000000000000000000000000000000000000000000000000000000000000000000000000000000000000000000000000000000000000000000000000000000000000000000000000000000000000000000000000000000000000000000000000000000000000000000000000000000000000000000000000000000000000000000000000000000000000000000000000000000000000000000000000000000000000000000000000000000000000000000000000000000000000000000000000000000000000000000000000000000000000000000000000000000000000000000000000000000000000000000000000000000000000000000000000000000000000000000000000000000000000000000000000000000000000000000000000000000000000000000000000000000000000000000000000000000000000000000000000000000000000000000000000000000000000000000000000000000000000000000000000000000000000000000000000000000000000000000000000000000000000000000000000000000000000000000000000000000000000000000000000000000000000000000000000000000000000000000000000000000000000000000000000000000000000000000000000000000000000000000000000000000000000000000000000000000000000000000000000000000000000000000000000000000000000000000000000000000000000000000000000000000000000000000000000000000000000000000000000000000000000000000000000000000000000000000000000000000000000000000000000000000000000000000000000000000000000000000000
~12.6,D,correct choice from the given options. <answer> None of the provided choices can be determined with the given information. </answer>
Polycomb complexes are involved in mediating long-range contacts between enhancers and promoters,B,B
Star1,A,C
3-Chloro-4-methoxytoluene,B,B
"A = methyl 1-(2-((2,4-dimethylphenyl)sulfinyl)ethyl)-2-oxocyclohexane-1-carboxylate, B = ethyl 2-ethyl-2-(1-(2-methoxy-2-oxo-1-phenylethyl)cyclopentyl)butanoate",B,D
"1,2,4",D,D
\frac{q}{4\pi\varepsilon_{0}R}\left(1-\frac{z^{2}}{2R^{2}}\right),D,D
"A = benzoquinone, B = methyl 2-hydroxypropanoate",D,A
1.38,B,C
The kinase activity of kinase X is not required for cell survival. A n-terminally truncated variant of kinase X has alternative functions that are essential for cell survival.,C,C
weaker - slower,A,D
"3,3,4-trimethylchromane and 3-isopropyl-3-methyl-2,3-dihydrobenzofuran",D,A
18,C,re-evaluate the calculation considering the mass fraction of hydrogen in Z and the total number of atoms in Z. <answer>D</answer>
3 and 4,B,D
"A = 2,7-dimethyloctahydronaphthalene-4a,8a-diol, B = (((3-methylbut-2-en-1-yl)oxy)methyl)benzene",A,D
25% carrier and 25% diseased,D,C
"MEK inhibitor, GSK-3β inhibitor, and leukemia inhibitory factor ",B,B
"A = 2,2-diiodoethen-1-one, B = 3, 1, 2, 4",B,D
"The spectrum remains continuous with an adjusted shape, and the endpoint increases.",C,B
cytosol to the extracellular space,C,"processed and transported there after being translocated into the ER. Therefore, the best choice from the given options is: <answer>A</answer>"
"Transcription of structural genes lacZ, lacY and lacA within the lactose operon and; nucleosome alterations by losing DNA-histone contacts (chromatin remodeling).",A,A
"(2S,3R,4S,6S)-2-benzyl-4-hydroxy-6-methyl-3-phenylcyclohexan-1-one",A,A
CH3NHCOOCH2CH3,D,A
1,B,D
A metal compound from the fifth period and a non-metal compound from the third period.,A,D
Mutant 2,D,D
Red,B,D
c2h,A,B
200 mL,A,C
~ 334,B,C
20.132 GeV,B,C
"-12*hbar/25

",A,"ones that are not positive. Since zero is closer to -12*hbar/25 than to 12*hbar/25, the correct choice would be: <answer>A</answer>"
"4,4",C,C
A three-body bound state may occur regardless of whether two-body bound states occur.,C,C
8.11 * 10^-7,C,A
186.62 nm,D,None of the provided choices can be selected due to insufficient information.
"(3aR,4R,7S,7aS)-4,7-dimethyl-3a,4,7,7a-tetrahydro-4,7-epithioisobenzofuran-1,3-dione",C,C
6.55,B,It seems there might be a mistake in the calculation or in the provided choices. Let's re-evaluate the calculations. <answer>C</answer>
E(\rho)=(1-p)\rho+\frac{p}{3}X\rho X+\frac{p}{3}Y\rho Y+\frac{p}{3}Z\rho Z,D,B
"(xa -xb,pa +pb), (xb-xc,pb+pc)",B,A
X is recruited to the enhancer through cooperative binding with Y,A,C
"A = 3-ethyl-3-phenylpentan-2-one, B = 3-(4-hydroxyphenyl)-3-phenylpentan-2-one, C = 2,2,2-tris(4-methoxyphenyl)-1-phenylethan-1-one",B,C
"A = 3, 2, 4, and 1, B = 1",D,C
"1,2,4-trimethylcyclohex-1-ene",B,A
"The eigenfunction of the operator Ay can also be an eigenfunction of A^2, but not of the Z-component, Az.",C,"eigenvalue equation for each eigenvalue. The imaginary part of the eigenvalue is zero, and the real part is ±h/4π. <answer>C</answer>"
10^13 ,D,D
Cold atomic interstellar medium.,B,A
3,C,C
canthaxanthin biosynthesis,A,B
4<6<2<1<5<3,A,B
"%age Composition = C 84 % and H 16 %
EI-MS: m/z = 100, 71, 57, 43",C,D
4n^{-2N},B,D
triplet,B,D
"Water = 122°, Oil = 104°",D,A
"Due to the spatial constraints inside this type of heterogeneous catalyst, the C8 compound is the preferred product.",A,A
1 quadruplet and 2 identical doublets,B,"themselves). Therefore, the correct description of the molecular states of the system is 1 quadruplet and 3 identical doublets. <answer>D</answer>"
"A = (i) LDA, DME (ii) CH3CH2I (iii) H3O+ B = heptan-4-one",C,D
"1: 4-((tert-butyldimethylsilyl)oxy)butanoyl chloride + benzene + AlCl3 -> A
2. A + tBu-Cl + AlCl3 -> B
3. B + TBAF -> C
4. C + Tos-Cl -> D
5. D + NaN3 -> 4-azido-1-(3-(tert-butyl)phenyl)butan-1-one
",D,A
0.85,C,"The question cannot be answered with the given information. None of the choices (A, B, C, D) can be definitively selected as the correct value of ""a"" without additional information about the normalization of the wave function or the probability density between x=1 and x=3."
The compounds they are working with have similar polarities.,B,A
"Planet_1 because its semi-amplitude signal in RV is 12 times larger.
",D,B
5,C,B
"(1+n*v)/(n+v)

",C,C
~ 33.4,B,"the placeholder for the correct choice, but the reasoning indicates that the answer cannot be determined with the given information.)"
"ln(2) [ℏ^2/2mα]

",D,(C) ln(4) [ℏ^2/2mα] (D) ln(2) [ℏ^2/2mα] The correct choice is the one that matches our derived expression for x0: <answer>D</answer>
"ln(2) = [ (T_1 - T_2) / (T1*T2)]
",A,A
3-cyano-6-(dimethylamino)-5-formyl-2-hydroxy-4-methoxybenzoic acid,D,B
Differential centrifugation extraction of mitochondria followed by the Glucose Uptake Colorimetric Assay Kit ,B,B
"10E, 15E, 18E
",B,"<answer>C</answer> (Note: The provided choices do not accurately reflect the calculated energies. The correct energies are 4E, 7E, and 13E.)"
6,C,A
"A = LDA, B = (2R,6R)-N,2,6-triethylcyclohexan-1-amine",C,the final answer. </reasoning> <answer>C</answer> (Incorrect based on the given reasoning; the correct choice is not provided in the options.)
ethyl 4-aminobenzoate,B,B
"cos2θ+isin2θ, cos2θ−isin2θ",A,C
6,B,B
~10^(-16) J,D,A
Just accept the results. Tell your supervisor that you cannot increase the conversion and that you should stop the experiments and start writing up.,D,B
aaaaaagcttATGAATCCGCGGCAGGG; aaaggatccGAGACCGCGATTTTCCACAAAGG,D,D
n -> p + π-,C,A
1 million (10^6).,A,A
229.2 mL,A,"the choices provided. The correct answer based on the calculations is 58.3 mL, which is not listed in the choices."
"A = (Z)-1-(but-2-en-2-yloxy)ethen-1-amine, B = (3Z,4E)-3,4-diethylidenecyclobut-1-ene, C = 4-methylenehexanal",A,C
B1 allele modifies A1 homozygotes,B,D
Interaction frequency too low to be reliably detectable by FISH,C,D
3,B,A
Inefficient proximity ligation,B,A
U=- (1/2) *kq^2 R/(d^2 -R^2),B,B
16,B,B
~4.5,D,D
C11H12O2,D,B
"5-isopropyl-3,4-dimethylocta-1,7-diene",A,"to the formation of a cyclohexene ring without any branches at the 6 position, which matches the product's structure. <answer>A</answer>"
5 MeV.,A,D
"d < b < f < c
",D,"b < a < f < c, which puts b before a and f before c, as we deduced. <answer>A</answer>"
"A = 3-bromo-5-isopropylcyclohex-1-ene, B = (E)-1-bromohex-2-ene",B,A
Trans-propenyl acetate,A,"trans-butenyl acetate, where the vinylic proton is split by two hydrogens in different environments. Therefore, the correct choice is: <answer>D</answer>"
"|3,0,0\rangle\rightarrow|2,1,0\rangle\rightarrow|1,0,0\rangle and \frac{1}{3}",C,"the correct transition route as the final answer. The correct transition route is |3,0,0\rangle\rightarrow|2,1,0\rangle, which satisfies the selection rules. <answer>C</answer>"
"The Cas9 protein may have continuously cut DNA leading to incorporation of donor DNA at different stages of embryo development.

",C,D
3-hydroxy-5-methyl-2-nitrophenyl 4-nitrobenzenesulfonate,A,A
1/r.,C,C
"3/4, \lambda^(-6)",C,A
"251.271 fm
",A,will calculate this sum using the given phase shifts and then choose the closest answer from the given choices. <answer>C</answer>
Superstring Theory,A,D
12.62,D,D
You should eventually increase the GC temperature to 250 centigrade before cooling down and starting your next analysis.,B,A
1/137,B,"best choice given the options, but it should be noted that the correct ratio is 1, which is not listed.)"
"A = diphenylphosphoryl azide (DPPA) and B = H3O+, Heat",B,D
A and C,D,B
from 90 to 110,A,D
81 years,B,A
"3-bromo-4'-methoxy-1,1'-biphenyl",B,A
"1. NaNH2, methyl chloride
2. H2/Pd-calcium carbonate
3. O3/ (CH3)2S
4. Ba(OH)2",C,D
qq->qq,C,A
"I, II, IV",D,A
"Carbon 1: no change
Carbon 2: no change
Carbon 3: –CR3
Carbon 4: –CH2R
Carbon 5: –CHR2
Carbon 6: –CHR2
Carbon 7: –CR3",D,C
p = 1.4*10^(-28) N*s,D,A
"1, 2.",A,C
17,C,"None of the choices (A, B, C, D) can be determined with the given information."
"A = (E)-bicyclo[5.3.1]undec-1(11)-en-4-one, B = lithium 3-ethylpent-4-enoate",B,A
1/6,A,B
"1,2,4",C,C
"A = 2-methylhex-1-ene, B = THF, BH3",A,A
0,D,D
DNA methylome analysis and NGS,B,B
-0.34 V,D,A
gamma*B,C,C
"No, there is no difference.",D,B
2.08*1e-6 m,B,in position (∆x): ∆x ≥ √((1.0545718 × 10^(-34) J·s)(8 × 10^(-16) s)/(2 × 3.41 × 1.78266192 × 10^(-27) kg)) <answer>B</answer>
M^2/R^4,A,D
"(2R,3S)-2-butyl-3-propyloxirane",A,"information or the specific structures of A, B, and C would be required to make an accurate determination. <answer> </answer>"
5>1>6>7>4>3>2,A,A
PRC2-bound chromatin in cells lacking Ring1B,A,A
C2v,C,C
A^{\nu}\left(x\right)=\int\frac{d^{n+1}k}{\left(2\pi\right)^{n+1}}\tilde{A}{T}^{\nu}\left(k\right)e^{-ikx}\delta\left(k^{2}-m^{2}\right),C,C
"0.19

",C,24 / 0.001488 (R_A / R_sun)^2 = 16111.7647 R_A / R_sun = sqrt(16111.7647) ≈ 127.01 The result is still incorrect.
~0.83,D,B
"Periodic FWHM changes in spectral lines
",B,A
"~2.23
",B,A
The mass dimension \left[\kappa\right]_{M}=-1. The theory is not renormalizable.,C,\left[\kappa\right] + \left[\bar{\psi}\right] + \left[\psi\right] + \left[F^{\mu\nu}\right] = 0 \left[\kappa\right] + \frac{3}{2} + \frac{3}{2} + 2 = 0 \left[\kappa\right] +
4,D,distinct hydrogen atoms. The question seems to require structural analysis that cannot be performed with the provided data alone. <answer>C</answer>
(e^X)*Y*(e^{-X}) represents a quantum state.,C,B
~0.19,B,C
"a,c",A,A
"v_rel = 0.14c , E= 5.96 mc^2",A,A
44%,D,A
5.28,B,"for \sigma_{z} for both states, which is not necessary since they are eigenvalues of \sigma_{z}. The correct calculation should be"
Cyclooctadecanonaene,C,B
33.3,D,C
4,B,C
"Yes, because it does not satisfy the separability criterion.",B,B
an analysis of cis-region methylation of genes for eukaryotic initiation factors,A,A
0.6c,A,D
The ribosome terminated the translation early,C,C
0.9,A,D
cytoplasmic localization of the red signal,A,D
"Degenerate eigenvalue is \sqrt{2}, degeneracy is 2, and the probabilities are 8/17 and 1/17.
",A,B
"A = 4-methyl-1-phenylpent-3-en-1-ol, B = 2,3,4,6,7,8-hexamethyl-5,9,10,11-tetrahydro-1H-benzo[3,4]azuleno[1,8,7,6-cdef]fluorine",A,C
U_{C-NOT}\left|\psi\right\rangle =\alpha\left|0\right\rangle \varotimes\left|1\right\rangle +\left(\beta\left|1\right\rangle -\gamma\left|1\right\rangle \right)\varotimes\left|0\right\rangle,C,A
"pH of the first sample A is very alkaline ( pH =9)

",C,"none of the choices directly support this conclusion, we must choose the one that least contradicts the observed results. <answer>B</answer>"
2.822 x 10^-26,A,A
"2'-fluoro-[1,1'-biphenyl]-2-carbonyl fluoride",A,C
a and b,D,C
~ 1.33,D,/ L_B = (1 * 1.296) / (0.25 * 2.56) L_A / L_B = 5.184 / 0.64 L_A / L
"Star1: RA = 15 deg, Dec = -45 deg",A,D
"V(\vec{r},t) = \dfrac{qc}{4\pi\epsilon_o (d c - \vec{d}. \vec{v})},  \vec{A(\vec{r},t)} = \dfrac{\mu_o qc \vec{v}}{4\pi (d c - \vec{d}. \vec{v})}",D,D
0.01 (10^-2).,C,B
2-(4-methylstyryl)oxirane,C,C
315,A,A
"1. Zn, ether
2. Cl2/hv
3. Aq. KOH
4. Pyridine + CrO3 + HCl
5. Aq. NaOH",C,A
~ 0.2,B,
Add IV cyanocobalamin to the therapy,C,D
The Mott-Gurney equation is valid for a trap-free single-carrier device with no carrier injection barrier and negligible diffusion current.,D,A
4,C,D
"1-bromo-1,2-dihydronaphthalene",C,D
"name: dimethyl (1R,4S,4aS,4bR,5S,8R,8aS,8bR,10S,11R)-1,4,4a,4b,5,8,8a,8b-octahydro-1,4-ethano-5,8-methanobiphenylene-10,11-dicarboxylate

SMILES: O=C(OC)[C@H]1[C@@H](C=C2)[C@@H]3[C@@H]([C@@H]4[C@H]3[C@@H]5C=C[C@H]4C5)[C@@H]2[C@H]1C(OC)=O",D,A
4.26; 8.52,C,A
"257247878 m/s
",A,C
"1H NMR: chemical reference (ppm): 7.2 (2H, t), 6.9 (1H, d), 6.8 (1H, s), 2.2 (6H, s)",A,C
B_{x}=\frac{3\mu_{0}}{4\pi}M\frac{xz}{r^{5}};\quad B_{y}=\frac{3\mu_{0}}{4\pi}M\frac{yz}{r^{5}};\quad B_{z}=\frac{3\mu_{0}}{4\pi}M\frac{3z^{2}-r^{2}}{r^{5}},A,A
1,C,C
Linear partial fraction of fractional approximation,B,C
~ 0.53,D,"of the choices provided, but it is closest to choice (B) ~ 0.98 when rounded to two decimal places. <answer>B</answer>"
"A = (S)-3-ethyl-5-isobutoxy-5-oxopentanoic acid , B = (S)-3-ethyl-5-isobutoxy-5-oxopentanoic acid",C,A
"i) tert-butyl chloride/AlCl3 ; ii) SO3/H2SO4 ; iii) HNO3/H2SO4 iv) Fe/HCl ; v) NaNO2/HCl ; vi) HNO3/H2SO4 ; vii) H3O+, H2O/Heat ; viii) dilute H2SO4 ix) NaOH/EtBr",C,C
sqrt(6*R/g) / sqrt((cos(theta) - cos(alpha))),C,C
"$J{n,j+1/2} = \frac{q \mu{n,i+1}}{dx} \bigg(B\big (\frac{ \delta \psi{i+1}}{Vt} \big) n{i+1} - B \big (-\frac{ \delta \psi{i+1}}{Vt} \big) n{i} \bigg)$",D,D
chi > eta > lambda > zeta,D,"could, then the correct choice would be based on the shortest time to the ground. The final answer is: <answer>C</answer>"
"1H NMR: chemical reference (ppm): 7.8 (2H, d), 7.6 (2H, d), 2.3 (3H, s)",B,C
Polymerase chain reaction or Southern hybridization,D,D
somatic hypermutation,D,C
triplet of triplets,B,D
"81/23 E_o
",A,"4E_o/15 + 12E_o/15 + 64E_o/15 = 81E_o/15 \) Thus, the average energy of the system is \( 81E_o/15 \). <answer>D</answer>"
~10^12,C,B
"(2S,3R)-3-ethyl-2-methyl-5-((Z)-5-oxohex-3-en-1-yl)cyclohexan-1-one",B,C
"3,4-dimethyl-5,6-dioxooctanoic acid",C,C
"((R)-((R)-2,2-difluorocyclohexyl)fluoromethyl)benzene",D,A
"2>1>4>3
",B,B
11.44 kJ/g,B,"the initial question. The correct answer based on our calculation is -7300 kJ/mol, which is not listed among the choices."
Ct values are not in agreement with the amount of target nucleic acid in samples ,C,C
"Use of cefotaxime and ceftazidime discs instead of erythromycin and chloramphenicol discs

",B,B
The way the single salt chelates the potassium ion as to fill all of the coordination sites in such a way that the neutral complex is a self-contained unit.  The addition of acetone to form a ketal would prevent the alcohols from interacting with the potassium ion.,D,D
"methyl (2E,8E,10E)-tetradeca-2,8,10-trienoate",A,D
"6-hydroxy-2,2,5,5-tetramethyloctan-4-one",C,D
10^62 J/K,D,A
Ketone = 50.65 mL ; Primary Amine = 56.08 mL,C,D
chromatin methylation by histone methyltransferases in the post-zygote,D,D
bicyclo[3.2.0]hept-6-ene,C,D
"+ \varepsilon, -\varepsilon
",B,"the eigenvalues of $H$ will be $\varepsilon$ and $-\varepsilon$. The correct choice is therefore (B) + \varepsilon, -\varepsilon. </answer> (B)"
CH3C(H)(C2H5)C(H)(C2H5)CH2COOH,C,"and a carboxylic acid group, and it must match the 1H NMR data. Choice (A) fits all the criteria. <answer>A</answer>"
H gives a yellow color with the addition of ferric chloride solution.,A,C
"4,4a,7,7a-tetrahydro-1H-cyclopenta[c]pyridine",D,D
16,B,A
99 GeV ,C,D
"Transcriptional co-activator, glycoprotein, accumulation in cytoplasm, Beta-catenin",C,A
"1.19 (6H, d), 1.53 (6H, s), 2.33 (1H, sept), 2.72 (6H, s)",C,has the correct number of hydrogens and the expected chemical shifts for a tertiary alcohol with an imine group. <answer>B</answer>
0.67 mL; 0.8298 micromole,A,is the one that matches the total volume of 1.25 mL and the amount of non-radiolabeled amino acid needed. <answer>C</answer>
"1-(4-(tert-butyl)-2-methylphenyl)-N,N-dimethylmethanamine",D,C
"A = cyclohexanecarbaldehyde, B = TsOH",B,D
3,A,B
the receptor and the eGFP are not in the frame,D,C
A = two ; B = 66.66 %,A,C
i) HNO3/H2SO4 ; ii) Fe/HCl ; iii) CH3COCl/AlCl3 ; iv) Br2/FeBr3 ; v) HNO3/H2SO4 ; vi) NaNO2/HCl ; vii) H3PO2,C,"from the given choices is (C), with the understanding that some adjustments are needed in the actual synthesis process. <answer>C</answer>"
"The pressure has to increase by 1786 bar.
",A,B
C2v,B,B
The 2nd line (Kerr line) is above the 1st line (by a factor of 5 to 10).,B,A
"During naïve pluripotency, DNA methylation is largely restricted to transposable elements, and imprinted loci",D,C
~ 0.36,C,/ a1) = sqrt(7 / 5) Now we raise this to the power of 3: (T2 / T1) = (
X operates upstream of Y.,D,C
U(1)Y,D,B
Synthesize the mRNA by IVT using a linearized plasmid DNA template carrying the genetic insert of interest. Purify the mRNA with two chromatography steps: an affinity capture step with an oligo dT resin and then polishing with hydrophobic interaction chromatography.,D,D
"It is a nucleophilic Substitution between 1-bromo-3,3-dimethylbutane and but-1-yne to form 7,7-dimethyloct-3-yne",A,B
~0.32,C,D
"A = TsOH, B = 3-(2-oxocyclohexyl)propanal",A,B
90954 m,B,None of the choices can be selected based on the given information.
Combine in silico predictions with preliminary in vitro binding affinity assays to validate the most promising forms of Xantheraquin before extensive docking studies.,B,D
9.54 Angstrom,B,\[ d_{111} = \frac{10}{\sqrt{3 + 5 \cdot 1.7320508075688772}} \] \[ d_{111} = \frac{10}{\sqrt{3 + 8.660254037844386}} \] \[ d_{111} = \frac{10}{\sqrt{11.660254037
An increased expression of the Tic56-encoding gene,D,C
7,B,A
Endothelial dysfunction > Oxidative Stress,D,A
Star4,D,B
Skyrmion,A,B
"A two-star system with individual absolute magnitudes of Vmag_1 = 7 and Vmag_2 = 7 mag, both at distances of 10 parsecs.",A,B
"a position of gravity sensors influences the trafficking of small molecules, and that leads to growth direction change",C,C
\left\langle H\right\rangle \ll\Delta E,D,J \langle H \rangle is small compared to \Delta E since m is small and g_J is approximately 1. <answer>D</answer>
1S0 -> 3P0 + s,C,"the violation of angular momentum and parity conservation, we should prioritize that. Therefore, the correct answer is choice (A). <answer>A</answer>"
Star3 and Star5,A,B
(\tau ^2\Omega^2)/4,B,"approximation, we can see that p must be equal to \Omega \tau / 2. Therefore, the correct choice is: <answer>C</answer>"
1.3,C,"= 9 / 8 The ratio T1/T2 is therefore 9/8, which is equivalent to 1.125. However, this value is not"
"A = ethyl 3-(3-ethyl-1,3-dimethyl-2-oxocyclohexyl)propanoate, B = 3-methyl-4-nitrohexanenitrile",B,A
"0.64, 0.36 and hbar / 7",B,"the choices seem to be approximate, we will choose the option that best matches our probabilities and average value. <answer>B</answer>"
C6H10O2,B,B
3520 days,A,A
"1 million light years, or 1 billion light years.",C,A
0,C,B
"Although the scientist detected the two genes, he has to redo the experiment and redesign suitable primers

",D,C
Differential access to the transcriptional machinery,C,C
"B, J, O, U, X, Z original missing letters
B, Z in the older texts
D, E, N, Q Missing from the older texts",A,C
"A_{0}=\sqrt{p}\left[\begin{array}{cc}
-1 & 0\\
0 & -1
\end{array}\right] and A_{1}=\sqrt{1-p}\left[\begin{array}{cc}
0 & -1\\
1 & 0
\end{array}\right]",B,C
In silico testing of drug interaction with the PDB formats of proteins.,B,D
the probability that the electron is in spin down state will be nearly zero,B,D
"A = NaHSO3, B = HCl",D,C
138,B,A
"5, 2, 1, 3 and 4",A,A
0.214 M,D,B
"(1S,4R,5S,6S)-4,5,6-trimethylcyclohex-2-enol",B,C
forward around 8200 bp and reverse around16100 bp on the genomic DNA,D,"should be closer to 22776 bp, but among the given choices, (D) is the closest to our calculated positions. <answer>D</answer>"
"Lethal, URA3, LEU2, 5'-FOA",B,A
1 and 2,B,B
The binding energy of the deuteron,D,D
"2-bromo-4,4-dimethylcyclopentanone",B,C
"3a,4,5a-trimethyl-1,2,3,3a,5a,6,7,8-octahydrocyclopenta[c]pentalene",A,D
1/4,B,B
(3-isopropylcyclohexyl)methanol,B,B
~ 1/plx^4,D,C
\alpha\times\left(\frac{1}{1+\alpha}\right),B,B
"(1R,2R,4R,5R)-1,2,4,5-tetramethylcyclohexan-1-ol ",A,D
The use of a tigecycline disc instead of a cefoxitin disk for the first phase of the experiment will not lead to a change in its result.,B,A
El1 II (singly ionized),A,D
"3.719 Bq
",A,C
"A = N-(4-hydroxyphenyl)propionamide, B = N-(4-hydroxyphenyl)propionamide",C,C
"It is an eigenstate of H, with eigenvalue 3/4*A*hbar^2",C,B
8,C,A
~0.73c,A,D
"Maleic anhydride reacts with 2,3-dimethylbuta-1,3-diene and removal of a product causes the equilibrium to shift towards products.",A,A
"Primer design and their concentrations need to be optimized

",D,C
"doublet, doublet",A,B
Sensing of neighboring cells using short sugar molecules to coordinate the density of cells during the multicellular organism development,C,C
zero,A,A
E= (3/2)\hbar \omega,D,D
AKT1/2/3 (assume full redundancy of isoform function) and mTORC1,D,B
They can circularize i.e form a continuous closed loop  through formation of a hydrogen bond between the 5 prime and 3 prime ends.,D,D
3 060 000 km.,C,D
"A = ethyl(methylene)oxonium, B = 1-phenylthiiran-1-ium",D,A
"φ_in = (4r/3ε0)cos(θ) , φ_out = (4R^3/3ε0 r^2)cos(θ)

",A,B
54,D,C
"(9/2) \hbar \omega , 10",A,B
"Two new LCMS peaks appear during the course of the reaction, both of which have the same mass spectrum.",D,C
5 Peaks in chiral HPLC and 4 peaks in normal-phase HPLC,C,B
4 micrometers and 921.0 nanometers,B,C
"4-ethyl-3-methyldeca-1,5-diene",A,D
ATGGAGGAGCCGCAGTCAGATCCTAGCGTCGAGCCGCCTCTGAGTCAGGAAACATTTTCAGACCTATGGAAACTACTTCCTGAAAACAACGTTCTGTCCCCGTTGCCGTCCCAAGCAATGGATGATTTGATGCTGTCCCCGGACGATATTGAACAATGGTTCACTGAAGACCCAGGTCCAGATGAAGCTCCCCGCATGCCAGAGGCTGCTCCCCCCGTGGCCCCTGCACCAGCAGCTCCTACACCGGCGGCCCCTGCACCAGCCCCCTCCTGGCCCCTGTCATCTTCTGTCCCTTCCCAGAAAACCTACCAGGGCAGCTACGGTTTCCGTCTGGGCTTCTTGCATTCTGGGACAGCCAAGTCTGTGACTTGCACGTACTCCCCTGCCCTCAACAAGATGTTTTGCCAACTGGCCAAGACCTGCCCTGTGCAGCTGTGGGTTGATTCCACACCCCCGCCCGGCACCCGCGTCCGCGCCATGGCCATCTACAAGCAGTCACAGCACATGACGGAGGTTGTGAGGCGCTGCCCCCACCATGAGCGCTGCTCAGATAGCGATGGTCTGGCCCCTCCTCAGCATCTTATCCGCGTGGAAGGAAATTTGCGTGTGGAGTATTTGGATGACAGAAACACTTTTCGACATAGTGTGGTGGTGCCCTATGAGCCGCCTGAGGTTGGCTCTGACTGTACCACCATCCACTACAACTACATGTGTAACAGTTCCTGCATGGGCGGCATGAACCGGAGGCCCATCCTCACCATCATCACACTGGAAGACTCCAGTGGTAATCTACTGGGACGGAACAGCTTTGAGGTGCGTGTTTGTGCCTGTCCTGGGCGCGACCGGCGCACAGAGGAAGAGAATCTCCGCAAGAAAGGGGAGCCTCACCACGAGCTGCCGCCAGGGAGCACTAAGCGAGCACTGCCCAACAACACCAGCTCCTCTCCCCAGCCAAAGAAGAAACCACTGGATGGAGAATATTTCACCCTTCAGATCCGTGGGCGTGAGCGCTTCGAGATGTTCCGAGAGCTGAATGAGGCCTTGGAACTCAAGGATGCCCAGGCTGGGAAGGAGCCAGGGGGGAGCAGGGCTCACTCCAGCCACCTGAAGTCCAAAAAGGGTCAGTCTACCTCCCGCCATAAAAAACTCATGTTCAAGACAGAAGGGCCTGACTCAGACTGA,B,"information provided, we cannot select a single best answer from the choices. <answer>None of the choices match the given sequence.</answer>"
In the region where the coronal line [NeV] emission is detected.,D,A
"3,4-dimethylcyclohexan-1-one",A,A
"1.9

",C,C
"a < d < b < e
",B,A
A 1H doublet at ~1.5 ppm and a 2H singlet at ~3.5 ppm,A,A
"(0,2*p1)",B,C
Regioisomers,D,C
"A step-wise mechanism is involved, leading to a stable carbocation intermediate.",A,C
"$E = \dfrac{1}{4 \pi \epsilon_o} \dfrac{q}{L^2}$
",A,A
"1,2,4,5-tetramethylbenzene and 1,2,3,4-tetramethylbenzene",B,B
6.24x10^-7 M,D,B
"A = 4-amino-1,3-diphenylbutan-1-one, B = Transformation",C,B
Near the centromere or the telomere,D,B
"A = 3-methylbut-1-ene, B = 2,5-dihydrofuran",C,C
"Species 3 -> Species 4 -> Species 1; Species 3 -> Species 2
",D,C
"Tower of linearly-spaced masses, proportional to 1/R",A,D
"~620

",A,A
-2.72 kcal,D,A
"X\rightarrow c\bar{c},s\bar{s},u\bar{u},d\bar{d},\tau^{+}\tau^{-},\mu^{+}\mu^{-},e^{+}e^{-}",A,D
4 π,D,C
3536,B,
The increased pH of the solution,C,D
3-methyl-3-pentenal,C,"aldehyde. Among the choices, only 2-methyl-3-pentenal has the aldehyde group, which matches both the FTIR and 1H NMR data. <answer>A</answer>"
The galaxy at ~ 700 Mpc,D,D
"In animals, the introns in the primary messenger RNA for canonical histones are removed within the nucleus
",B,C
"2,6-dimethylheptane-3,5-dione
",C,D
1 and 4,B,D
6,A,C
"A = 4-isopropylcyclohexan-1-one, B = 5-methylhexan-2-one",A,None of the choices are correct based on standard organic chemistry reactions with the given reagents.
"The meropenem resistance gene was on the plasmid.

",B,A
- (15/16)E,A,A
35,D,C
3,C,A
coth(J/T),C,"the temperature relative to T_c. Therefore, the correct answer is the one that applies to any temperature, which is: <answer>B</answer>"
"r=(0,0,0)",A,"Bloch sphere representation corresponds to the third dimension in Cartesian space. Thus, the correct choice is (C) r=(0,0,1). </answer> (C)"
"A = 1-(hydroxydi-p-tolylmethyl)cyclopentan-1-ol, B = methyl 3-oxo-2-(p-tolyl)butanoate",B,"backbone, and the product is a methyl ester with a 3-oxo-2-(p-tolyl)butanoate structure, which is consistent with the rearrangement process. <answer>C</answer>"
Epistatic interactions between the genes of different species,C,A
2\gamma^2 - 0.5,A,C
~8.7 Earth masses,A,D
4-Methyl-4-Hexenal,C,C
limiting net photosynthetic rates in photosystem III and limiting gas exchange ,D,D
Vacuum-assisted core needle biopsy with advanced immunohistochemistry and fluorescence in situ hybridization (FISH) analysis ,B,B
4.0655 * 10^-15 m,D,A
16,D,C
2,D,B
"(3aR,4R,7S,7aS,8r)-8-fluoro-3a,4,7,7a-tetrahydro-4,7-methanoisobenzofuran-1,3-dione",A,A
tumor antigens are transported through the Golgi,C,D
"Wavelength at which the event is observed
",A,A
0.77c,A,D
110-130,B,None of the choices can be determined to be correct with the information provided.
"A = N-ethyl-N,2,2-trimethylbutan-1-amine, B = ethyl 1-isopropylpyrrolidine-3-carboxylate",B,D
The crude compound exists as a mixture of diastereoisomers,D,D
Star1,D,B
"2,4-bis(4-hydroxyphenyl)but-2-enal",A,D
"1/3
",A,made a mistake in the calculation of the inner product. Let's correct it: ⟨ψ|v⟩ = (-1)*(1/√3) + 2*(1/√3) + 1*(1/√
pre-replication complex,C,C
pi/4,A,A
~ r^3,D,A
Z= 2 e^(3J\beta)+6e^(-J\beta),D,D
3-ethoxy-3-methyltetrahydrofuran,D,D
Hydrophilic molecule – Receptor in the cell membrane – G-protein – Adenylate cyclase – cAMP – Protein kinase – Transcription factor – Gene expression activation,D,D
"Measuring the change in frequency of the absorption line (due to expansion of the universe) of cold damped Lyman alpha systems at redshift <2.

",D,D
"A = trimethyl 2-(p-tolyl)propane-1,1,3-tricarboxylate, B = 3-(2-oxocyclohexyl)butanenitrile, C = cyclohexane-1,3-dione",B,C
35,D,A
"1, 1, 0.97",C,C
4-chlorobenzoic acid,A,A
"\hbar/\sqrt{2}
",C,C
"A = 5, 2, 1, 3 and 4, B = 1",A,C
200-220,B,C
study an organism with diminished transcriptional activity or an amplified number of pre-mRNAs of a target gene,A,C
2 peaks in standard HPLC and 3 peaks in chiral HPLC,C,D
First you identify the virus by performing cDNA sequencing.  You then develop a real time PCR kit for quick and accurate diagnosis.,C,C
~ 33.5,A,likely to accommodate a semi-major axis large enough for the second planet to have the required transit impact parameter. <answer>D</answer>
$v_{max}=c\sqrt{1-\frac{1}{(1+\frac{kA^2}{2mc^2})^2}}$,C,C
1-(sec-butyl)-4-methylbenzene,C,D
protein aggregation and loss-of-function phenotype,B,B
8 Gpc,D,A
0.506 \lambda / a,C,a (C) 0.506 \lambda / a (D) 1.220 \lambda / a The correct choice that matches our calculation is: <answer>D</answer>
16.9%,B,"options provided or a misunderstanding of the question. However, based on the calculations, the correct percentage should be 62.5%. <answer>C</answer>"
250,B,"to approximate the calculated factor in some way, and 1300 is the closest to 16 times more energy received. <answer>C</answer>"
λ2 < λ1,B,B
(π/V_f +2/c)r,D,B
from 260 to 280,C,the sum of the molecular masses of the products falls is closest to choice (C) from 260 to 280. <answer>C</answer>
\frac{V}{2 \pi^2 \hbar^3} \frac{p_0^2 + (E-\Delta)/b}{\sqrt{b(E-\Delta)}},A,D
Triplet at 6.9 ppm ,B,B
This would be difficult. pUC18 is a high copy number plasmid and would be hard to remove.,C,C
"The compounds allow the excited state of the zinc sillicate to nonradiatively transfer its energy to the organic compound, returning them to the ground state nonradiatively. The organic compound then itself returns to the ground state nonradiatively, so no light is emitted, resulting in a dark spot.",A,B
6.89,A,D
1-(2-hydroxy-2-methylcyclopentyl)ethanone,A,A
"~ 17 km/s
",C,"AU, as it would provide a stronger velocity to counteract gravitational interactions between the less massive stars in Group_2. <answer>A</answer>"
"s-trans, s-cis",C,indicate that the s-cis conformation has a higher energy π* and the s-trans conformation has a lower energy π1. <answer>A</answer>
25,A,"determine the molecular formula of substance №1, and thus we cannot select a correct choice from the options provided. <answer>C</answer>"
2,C,A
Y lies inside the Bloch sphere.,B,D
"5/2 *(ℏ/b)^2

",A,A
"2840 MHz

",C,"The question is based on a non-standard scenario, and therefore, a correct answer cannot be determined from the given choices."
The factorisation between G and |M^2| is a good but not great approximation.,D,D
14 Pa,C,D
~ 71.1 days,A,A
Two peaks changing to a single peak ,A,D
"Water = 128°, Oil = 48°, low tilt angle",A,B
11.54 e a0 E0,B,B
Weak Nuclear,D,C
